,id,brand,car_model,type,desc,problem,datetime,status
0,570569,一汽奔腾,奔腾T77,2020款 PRO 280 TID 自动 尊享型,一汽奔腾T77电瓶亏电导致无法启动,"H146,",2021-02-05,厂家受理
1,570563,长安福特,翼虎,2018款 EcoBoost 180 两驱 豪翼型,长安福特翼虎防冻液异常消耗希望处理,"A191,",2021-02-05,厂家受理
2,570562,江淮汽车,嘉悦A5,2020款 1.5T CVT 梦想型,江淮嘉悦A5低速行驶时发动机噪音过大,"A9,A38,",2021-02-05,信息审核
3,570560,上汽大众,桑塔纳,2021款 1.5L 手动 风尚版,上汽大众桑塔纳购车后不给保养手册,"O353,",2021-02-05,厂家受理
4,570558,一汽-大众,宝来,2019款 改款 1.5L 自动 舒适型 国VI,一汽大众宝来倒车时踩刹车严重异响,"E43,",2021-02-05,厂家受理
5,570557,东风日产,轩逸,2020款 改款 1.6L XL CVT 悦享版,东风日产轩逸变速箱失速 方向盘故障灯亮,"A14,B334,D156,",2021-02-05,信息审核
6,570554,广汽乘用车,传祺GS3,2017款 150N 自动 精英版,广汽传祺GS3爆震传感器故障发动机故障灯亮,"A34,H234,",2021-02-05,信息审核
7,570553,广汽三菱,欧蓝德,2020款 2.0L 两驱 畅享版 5座,广汽三菱欧蓝德4S店销售维修过的问题车,"M284,",2021-02-05,信息审核
8,570545,BEIJING汽车,绅宝X35,2016款 1.5L 自动 精英版,北汽绅宝X35车辆登记证书缺失无法解压,"O353,",2021-02-05,信息审核
9,570544,上汽大众斯柯达,柯迪亚克,2018款 TSI330 两驱 豪华优享版 7座 改款,斯柯达柯迪亚克刹车系统存在异响现象,"E43,",2021-02-05,厂家受理
10,570543,东风悦达起亚,智跑,2019款 2.0L 自动 智享豪华版,东风悦达起亚智跑锦湖轮胎脱皮4S店不予处理,"F186,I295,",2021-02-05,信息审核
11,570541,华晨宝马,宝马1系,2021款 125i M运动曜夜版,华晨宝马1系车联网APP数据无法更新,"H155,I293,",2021-02-05,信息审核
12,570534,长安福特,锐际,2020款 EcoBoost 245 四驱 嘉享款,长安福特锐际发动机舱内有异响要求处理,"A9,",2021-02-05,厂家受理
13,570529,广汽本田,皓影,2020款 240TURBO CVT 两驱 豪华版,广汽本田皓影油管损坏需要更换油箱,"Q322,",2021-02-05,厂家受理
14,570525,北京现代,领动,2016款 1.6L 自动 智炫·精英型,北京现代领动跑高低速时岀现方向卡滞,"D123,",2021-02-05,信息审核
15,570522,东风标致,标致408,2015款 1.2T 自动 豪华版,东风标致408召回更换正时皮带后烧机油,"A63,",2021-02-05,厂家受理
16,570521,东风本田,本田CR-V,2021款 240TURBO CVT 四驱 豪华版,东风本田CR-V按装行车记录仪与承诺不符,"L313,",2021-02-05,信息审核
17,570517,奔驰（进口）,奔驰E级（进口）,2018款 E 200 敞篷轿跑车,进口奔驰E级尾灯开裂 变速箱跳挡,"B27,H134,H170,H220,",2021-02-05,厂家受理
18,570512,广汽乘用车,传祺GA6,2016款 235T DCT 豪华版,广汽传祺GA6低速行驶变速箱换挡顿挫,"B33,B19,B334,",2021-02-05,厂家受理
19,570511,东风雪铁龙,雪铁龙C6,2017款 380THP 尊贵型,东风雪铁龙C6测距雷达故障 店方要收费调试,"K307,",2021-02-05,信息审核
20,570507,众泰汽车,众泰Z500,2015款 1.5T 手动 尊贵型,众泰Z500质保期内厂家无配件索赔,"N318,",2021-02-05,信息审核
21,570505,上汽大众,朗行,2013款 1.4TSI 自动 豪华型,上汽大众朗行车内异味严重影响身体健康,"H185,",2021-02-05,厂家受理
22,570503,吉利汽车,缤越,2020款 PRO 260T DCT 骑士,吉利缤越转速1300-1800转区间方向盘振动,"D80,",2021-02-05,厂家受理
23,570500,一汽-大众,C-TREK蔚领,2017款 1.6L 自动 舒适型,一汽大众蔚领天窗严重漏水造成内饰有水渍,"H90,",2021-02-05,厂家受理
24,570499,东风标致,标致308,2014款 乐享版 经典 1.6L 手动 优尚型,东风标致308油泵变形导致油表显示不准确,"H78,H271,",2021-02-05,厂家受理
25,570496,一汽丰田,RAV4荣放,2020款 2.5L CVT 两驱 精英版 双擎,一汽丰田RAV4荣放空调出风口经常异响,"H101,",2021-02-05,信息审核
26,570494,东风风行,景逸X5,2017款 1.5T CVT 智联型 劲享系列,东风风行景逸X5发动机漏油 变速箱异响,"A12,B33,H21,",2021-02-05,信息审核
27,570489,一汽-大众,迈腾,2019款 330TSI DSG 领先型 国VI,一汽大众迈腾变速箱异响顿挫存在质量问题,"A9,B33,B19,",2021-02-05,厂家受理
28,570483,上汽大众,凌渡,2021款 280TSI DSG 舒适版,上汽大众凌渡厂家置换补贴承诺4S店不兑现,"L313,",2021-02-05,厂家受理
29,570482,领克,领克05,2020款 2.0TD 四驱 劲Halo,领克05内饰异响 方向盘与踏板共振,"H268,H164,",2021-02-05,处理反馈
30,570481,奇瑞汽车,艾瑞泽5,2020款 1.5L CVT 运动版,奇瑞艾瑞泽5无操作情况下发动机自行启动,"H49,",2021-02-05,信息审核
31,570479,一汽-大众,探岳,2020款 330TSI 两驱 豪华智联版,一汽大众探岳右大灯透镜发白越来越严重,"H82,",2021-02-05,厂家受理
32,570476,一汽丰田,RAV4荣放,2020款 2.0L CVT 两驱 风尚版,一汽丰田RAV4荣放车窗玻璃共振 中控异响,"H72,H268,H93,",2021-02-05,信息审核
33,570473,长安福特,翼搏,2013款 1.5 自动 尊贵型,长安福特翼搏变速箱拨叉存在设计缺陷,"B77,Q322,",2021-02-05,厂家受理
34,570468,东风本田,本田CR-V,2021款 锐·混动 2.0L 两驱 净行版,东风本田CR-V颠簸路行驶汽油箱和后备箱异响,"H68,H147,",2021-02-05,信息审核
35,570464,特斯拉中国,Model Y,2021款 长续航 全轮驱动版,特斯拉Model Y空调不制热 充电时自动断电,"H101,H340,",2021-02-05,信息审核
36,570462,上汽大众,凌渡,2019款 280TSI DSG 舒适版 国V,上汽大众凌渡刹车时有异响4S店否认质量问题	,"E43,",2021-02-05,厂家受理
37,570459,北京汽车,威旺S50,2016款 1.5T 手动 乐动豪华型,北汽威旺S50车辆停放时发生自燃厂家不处理,"H40,",2021-02-05,信息审核
38,570456,上汽大众,朗逸,2019款 朗逸启航 1.5L 自动 风尚版 国VI,上汽大众朗逸踩油门加速发动机异响,"A9,",2021-02-05,厂家受理
39,570455,BEIJING汽车,BEIJING-X7,2020款 1.5TD DCT 致领版,BEIJING-X7发动机曲轴前油封处有漏油的现象,"A12,",2021-02-05,信息审核
40,570453,东风本田,本田CR-V,2017款 240TURBO 自动 四驱 尊耀版,东风本田CR-V抬头显示盖板不回位厂家不保修	,"H134,",2021-02-05,信息审核
41,570452,吉利汽车,帝豪GL,2018款 1.4T 自动 尊贵智联型,吉利帝豪GL变速箱异响抖动车身异响,"A9,B33,B95,H15,",2021-02-05,厂家受理
42,570445,奇瑞新能源,瑞虎3xe,2018款 480 畅优版,奇瑞瑞虎3xe电瓶进水 空调漏水 厂家不保修,"H101,H146,I297,",2021-02-05,厂家受理
43,570438,奇瑞新能源,瑞虎e,2021款 虎啸版,奇瑞瑞虎e行驶时经常出现动力切断故障,"H343,",2021-02-04,信息审核
44,570436,广汽本田,缤智,2015款 1.5L CVT 两驱舒适型,广汽本田缤智冷启动发动机VTC作用器异响,"A9,",2021-02-04,厂家受理
45,570432,上汽大众,途观L,2020款 330TSI 自动 两驱 全景舒适版 国VI,上汽大众途观L发动机起停失灵 油耗增加,"A85,H263,",2021-02-04,厂家受理
46,570430,东风日产,阳光,2016款 1.5XE 手动 领先版,东风日产阳光变速器异响 油表显示不准确,"B33,H202,",2021-02-04,信息审核
47,570428,东风雪铁龙,雪铁龙C4L,2013款 1.8L 自动 劲智版,东风雪铁龙C4L方向机转向异响要求解决,"D59,D265,",2021-02-04,信息审核
48,570426,雷克萨斯,雷克萨斯LS,2006款 460L  自动  尊贵版,雷克萨斯LS中控仪表台开裂发粘有异味	,"H176,",2021-02-04,信息审核
49,570425,东风日产,天籁,2020款 2.0L XL 舒适版,东风日产天籁加满油后刹车时汽油箱异响,"H147,",2021-02-04,信息审核
50,570424,吉利汽车,缤越,2020款 PRO 240T DCT 猎手,吉利缤越刹车时有异响4S店不予解决,"E43,",2021-02-04,厂家受理
51,570423,吉利汽车,嘉际,2019款 1.5TD MHEV DCT 臻享型,吉利嘉际购车旅游基金承诺一直没有兑现,"L313,",2021-02-04,信息审核
52,570422,奔驰（进口）,奔驰GLE,2018款 GLE 320 4MATIC 动感型 臻藏版,进口奔驰GLE转向系统故障 中控屏黑屏,"A14,A44,D291,H134,H211,",2021-02-04,信息审核
53,570419,BEIJING汽车,绅宝D50,2018款 1.5L CVT 尊享智联版,绅宝D50电子驻车系统故障报警4S店不予保修,"E62,E159,I297,",2021-02-04,处理反馈
54,570417,一汽-大众奥迪,奥迪Q5,2015款 40 TFSI 舒适型 5座,一汽大众奥迪Q5发动机漏油烧机油 漏冷却液,"A12,A63,A37,",2021-02-04,信息审核
55,570415,奇瑞汽车,捷途X70S,2019款 1.5T DCT 坦途版 5座,捷途X70S发动机故障 功率不足 剧烈抖动,"A24,A163,",2021-02-04,处理反馈
56,570414,江铃福特,领界,2019款 EcoBoost 145 CVT 精领型 国VI,江铃福特领界变速箱漏油维修多次无法解决,"B22,J298,",2021-02-04,厂家受理
57,570413,上汽大众,凌渡,2018款 230TSI 手动 风尚版,上汽大众凌渡离合器异响 减震器异响,"C65,G52,",2021-02-04,厂家受理
58,570412,长安马自达,马自达3 昂克赛拉,2016款 1.5L 手动 豪华型 三厢,长安马自达昂克赛拉刹车异响 减震器异响,"E43,G52,",2021-02-04,处理反馈
59,570411,东风本田,本田CR-V,2019款 240TURBO CVT 两驱 舒适版 国V,东风本田CR-V事故维修垫付款售后未退还,"L314,",2021-02-04,信息审核
60,570410,广汽丰田,雷凌,2021款 185T CVT 豪华版,广汽丰田雷凌低速行驶时变速箱顿挫,"B19,",2021-02-04,信息审核
61,570405,比亚迪,比亚迪F0,2010款 尚酷爱国版 1.0 手动 悦酷型,比亚迪F0车身侧裙和底盘出现生锈现象,"H79,",2021-02-04,厂家受理
62,570401,上汽大众,桑塔纳,2016款 1.6L 手动 风尚版 三厢,上汽大众桑塔纳发动机启动困难故障灯亮,"A34,A44,",2021-02-04,厂家受理
63,570400,一汽-大众,宝来,2019款 宝来·传奇 1.5L 手动 时尚型 国VI,一汽大众宝来胎压监测报警维修多次未解决	,"H203,",2021-02-04,厂家受理
64,570394,东风雪铁龙,雪铁龙C4L,2013款 1.6THP 自动 劲驰版,东风雪铁龙C4L方向盘管柱有松动现象,"D80,D265,",2021-02-04,信息审核
65,570393,东风标致,标致408,2014款 1.8L 自动 豪华版,标致408发动机严重烧机油 后桥异响,"A63,G158,",2021-02-04,厂家受理
66,570392,奇瑞汽车,瑞虎8 PLUS,2021款 290TGDI DCT 豪享版,奇瑞瑞虎8 PLUS刹车异响后备箱无故弹起,"E43,H68,",2021-02-04,厂家受理
67,570391,东风标致,标致408,2014款 1.8L 自动 豪华版,东风标致408发动机烧机油故障灯亮,"A34,A63,",2021-02-04,厂家受理
68,570387,上汽大众,凌渡,2019款 280TSI DSG 舒适版 国VI,上汽大众凌渡天窗异响售后没有解决问题,"H89,",2021-02-04,厂家受理
69,570386,东风英菲尼迪,英菲尼迪Q50L,2015款 2.0T 自动 悦享版,英菲尼迪Q50L车内异味希望厂家处理,"H185,H90,",2021-02-04,信息审核
70,570378,一汽-大众,探岳,2020款 330TSI 两驱 豪华智联版,大众探岳变速箱脱挡共振 反光镜异响,"B246,B208,H211,",2021-02-04,厂家受理
71,570377,长城汽车,哈弗大狗,2021款 1.5T DCT 拉布拉多版,哈弗大狗电瓶亏电导致发动机无法启动,"H146,",2021-02-04,处理反馈
72,570374,一汽-大众,高尔夫,2017款 230TSI 自动 舒适百万辆纪念版,一汽大众高尔夫变速箱换挡机构故障,"B96,B77,B184,",2021-02-04,厂家受理
73,570373,一汽-大众,速腾,2019款 280TSI DSG 豪华型 国V,一汽大众速腾高压油泵异响更换配件未解决,"A9,H78,",2021-02-04,厂家受理
74,570369,东风标致,标致508,2021款 508L 400THP PureTech 驾控版,东风标致508发动机无法启动而且故障灯亮,"A9,A34,A44,",2021-02-04,厂家受理
75,570366,吉利汽车,帝豪GL,2018款 1.4T 自动 精英智联型,吉利帝豪GL变速箱过热失速而且有异响	,"B33,B96,B246,",2021-02-04,厂家受理
76,570365,北京现代,胜达,2013款 2.4L 自动 两驱 智能型 GLS,北京现代胜达4S店喷漆有划痕保险杠缝隙大,"H209,J303,",2021-02-04,信息审核
77,570363,一汽-大众奥迪,奥迪Q5L,2020款 40 TFSI 荣享时尚型,一汽大众奥迪Q5L多个故障灯同时报警希望处理,"H110,",2021-02-04,信息审核
78,570362,领克,领克03,2020款 2.0TD 自动 劲Pro版,领克03事故维修后座椅挤压起皱服务差,"H169,I293,J299,",2021-02-04,处理反馈
79,570360,云度新能源,云度π1,2020款 Pro 远行版 乐派型,云度π1仪表台异响方向盘异响电池充电缓慢,"D59,H185,H93,H343,",2021-02-04,信息审核
80,570359,BEIJING汽车,智行,2018款 1.5T CVT 新智版 国V,BEIJING汽车智行玻璃升降器有故障,"H67,N318,",2021-02-04,处理反馈
81,570358,上汽大众,凌渡,2015款 280TSI 手动 舒适版,上汽大众凌渡车内异味要求给予解决,"H185,",2021-02-04,厂家受理
82,570356,奇瑞捷豹路虎,捷豹XEL,2019款 2.0T 200PS 尊享版,奇瑞捷豹路虎XEL发动机熄火 发动机漏油,"A12,A14,",2021-02-04,处理反馈
83,570355,长安福特,锐界,2020款 EcoBoost 245 两驱 豪锐型 7座,长安福特锐界电瓶亏电导致无法启动,"H146,",2021-02-04,处理反馈
84,570352,华晨中华,中华V7,2019款 运动款 280T 自动 豪华型,华晨中华V7发动机故障灯亮 4S店不予索赔,"A24,A34,I297,",2021-02-04,信息审核
85,570351,一汽-大众,迈腾,2017款 330TSI DSG 豪华型,一汽大众迈腾遥控钥匙漏电希望解决,"H119,",2021-02-04,厂家受理
86,570350,上汽通用五菱,五菱宏光,2016款 1.5L 尊享型 S1 国V,上汽通用五菱宏光前轮吃胎偏磨严重,"G245,",2021-02-04,信息审核
87,570347,北汽新能源,北汽新能源EC5,2019款 新风版,北汽新能源EC5续航里程不足希望处理,"H344,M283,",2021-02-04,厂家受理
88,570346,BEIJING汽车,BEIJING-EU5,2018款 R550 智领版,BEIJING-EU5新车车身顶部A柱大面积喷漆,"M284,",2021-02-04,厂家受理
89,570345,北京奔驰,奔驰E级,2019款 E 300L 运动豪华型,北京奔驰E级方向机异响厂家拒绝更换,"D59,D265,",2021-02-04,信息审核
90,570344,广汽本田,广汽本田VE-1,2020款 舒适版,广汽本田VE-1续航里程不足要求尽快处理,"H344,",2021-02-04,信息审核
91,570343,斯巴鲁,森林人,2016款 2.0i 时尚导航版,斯巴鲁森林人方向机异响 三角臂故障,"D59,G210,",2021-02-04,信息审核
92,570342,长安福特,锐界,2015款 2.7T GTDi 四驱 运动型,长安福特锐界塑料油底壳出现漏油,"A12,",2021-02-04,处理反馈
93,570341,东风本田,哥瑞,2016款 1.5L CVT 舒适版,东风本田哥瑞冷车启动异响存在质量问题,"A9,",2021-02-04,处理反馈
94,570339,一汽-大众,速腾,2018款 280TSI DSG熠动版,一汽大众速腾高压泵异响厂家不予解决,"A9,I295,",2021-02-04,厂家受理
95,570338,一汽-大众,速腾,2018款 280TSI DSG熠动版,一汽大众速腾颠簸路面行驶时底盘异响,"G56,",2021-02-04,厂家受理
96,570337,一汽奔腾,奔腾B30,2017款 1.6L 手动 舒适型,一汽奔腾B30轮毂掉漆厂家未索赔,"H243,",2021-02-04,厂家受理
97,570336,上汽通用五菱,五菱宏光,2016款 1.5L 尊享型 S1 国V,上汽通用五菱宏光挂三挡打齿驻车时无法挂入,"B33,B20,",2021-02-04,信息审核
98,570335,一汽-大众,探岳,2019款 330TSI 两驱 豪华型Plus 国VI,一汽大众探岳变速箱拖挡导致车身共振抖动,"B69,",2021-02-04,厂家受理
99,570332,一汽丰田,锐志,2007款 2.5S 天窗版 锐志 REIZ,一汽丰田锐志仪表台开裂 影响气囊弹出,"H176,",2021-02-04,信息审核
100,570331,上汽大众,途昂X,2020款 380TSI 四驱 豪华版,上汽大众途昂X前悬挂异响经销商无配件,"G204,N318,",2021-02-04,厂家受理
101,570327,海马汽车,海马M3,2013款 1.5L 手动 精英型,海马M3安全气囊故障灯亮一直未解决,"H103,",2021-02-04,厂家受理
102,570325,奇瑞汽车,瑞虎5x,2017款 1.5T 自动 精英型,奇瑞瑞虎5x发动机实际油耗高希望解决,"A85,",2021-02-04,厂家受理
103,570324,上汽大众,途观L,2020款 330TSI 自动 两驱 智动豪华版 国VI,上汽大众途观L事故维修后启停失灵油耗高,"A85,H263,J300,",2021-02-04,处理反馈
104,570323,长安马自达,马自达CX-5,2015款 2.5L 自动 四驱 尊贵型,长安马自达CX-5发动机变速箱连接处漏机油,"A12,",2021-02-04,处理反馈
105,570321,东风悦达起亚,赛拉图,2012款 1.6L 手动 GL,东风悦达起亚赛拉图变速箱异响严重,"B33,",2021-02-04,处理反馈
106,570319,一汽-大众,T-ROC探歌,2020款 280TSI DSG 两驱 舒适型,一汽大众探歌新车油耗高希望厂家处理,"A85,",2021-02-04,厂家受理
107,570316,长城汽车,WEY P8,2018款 2.0T 旗舰型,WEY P8混合动力功能受限行驶时动力消失,"A255,A346,",2021-02-04,处理反馈
108,570312,长安福特,锐际,2020款 EcoBoost 245 两驱 耀享款,长安福特锐际新车发动机怠速抖动,"A24,",2021-02-04,处理反馈
109,570311,奇瑞汽车,艾瑞泽5,2017款 1.5L CVT 尊贵版,奇瑞艾瑞泽5车门生锈维修后再次生锈,"H79,",2021-02-04,厂家受理
110,570309,奇瑞新能源,奇瑞QQ3EV,2014款 EV 运动版,奇瑞QQ3EV动力电池严重衰减厂家不予解决,"H343,I295,",2021-02-04,信息审核
111,570305,吉利汽车,帝豪GL,2020款 1.4T CVT 豪华型,吉利帝豪GL踩刹车或松刹车时变速箱有异响,"B33,",2021-02-04,处理反馈
112,570303,一汽-大众奥迪,奥迪Q5L,2020款 改款 40 TFSI 荣享时尚型,一汽大众奥迪Q5L发动机和变速箱连接处渗油,"A12,B22,H93,",2021-02-04,信息审核
113,570300,东风标致,标致308,2016款 1.6L 自动 豪华版,东风标致308保养过后提示发动机故障,"A34,J300,",2021-02-04,处理反馈
114,570297,广汽本田,飞度,2016款 1.5L LX CVT 舒适型,广汽本田飞度冷车启动异响希望尽快处理,"A9,",2021-02-04,处理反馈
115,570296,长安福特,锐界,2018款 EcoBoost 245 两驱 豪锐型 7座 国V,长安福特锐界发动机漏机油希望尽快处理,"A12,",2021-02-04,处理反馈
116,570295,长城汽车,炮,2019款 2.0T 商用版 手动 两驱 精英型 长箱 GW4D20M 柴油,长城炮发动机故障灯报警 无法启动,"A34,A44,",2021-02-04,处理反馈
117,570293,一汽-大众,宝来,2017款 230TSI DSG 舒适型,一汽大众宝来挂挡后无法行驶 发动机抖动,"A24,B334,",2021-02-04,处理反馈
118,570291,一汽红旗,红旗H5,2020款 1.8T 自动 智联旗韵版,红旗H5后备箱自动开启 车窗自动下降,"H67,H68,",2021-02-04,信息审核
119,570290,一汽丰田,卡罗拉,2017款 1.2T S-CVT GL 改款,一汽丰田卡罗拉门窗异响售后未解决问题,"H72,",2021-02-04,信息审核
120,570289,广汽三菱,欧蓝德,2018款 2.4L 四驱 精英版 5座,广汽三菱欧蓝德发动机抖动 后排座椅共振,"A24,H268,",2021-02-04,厂家受理
121,570288,比亚迪,比亚迪e2,2021款 升级版 标准续航版 标准型,比亚迪e2动力电池续航不足电量消耗大,"H343,H344,",2021-02-04,处理反馈
122,570286,众泰汽车,江南T11,2015款 舒适型,江南T11行驶中变速箱异响无人处理,"B33,",2021-02-04,信息审核
123,570281,长安福特,蒙迪欧,2013款 1.5T 自动 GTDi180时尚型,长安福特蒙迪欧行驶中发动机失去动力,"A255,",2021-02-04,处理反馈
124,570280,东风标致,标致5008,2017款 380THP 精英版 7座,东风标致5008发动机烧机油 转向异响,"A63,D59,G52,",2021-02-04,处理反馈
125,570278,长安汽车,长安欧尚X7,2021款 1.5T 自动 豪华型,长安欧尚X7后备箱车灯不亮希望尽快处理,"H82,",2021-02-04,信息审核
126,570277,东风本田,本田UR-V,2017款 370TURBO 两驱 尊贵版 国V,东风本田UR-V转向拉杆断裂更换后再次断裂,"H168,",2021-02-04,处理反馈
127,570275,东风日产,轩逸,2020款 1.6L XL CVT 悦享版,东风日产轩逸变速箱不换挡要求尽快解决,"B20,",2021-02-04,处理反馈
128,570272,奇瑞捷豹路虎,发现运动版,2020款 249PS R-Dynamic SE 性能科技版 7座,奇瑞路虎发现运动版底盘变硬滤震效果变差,"G56,",2021-02-04,处理反馈
129,570271,一汽-大众奥迪,奥迪Q5L,2020款 45 TFSI 尊享运动型,奥迪Q5L发动机抖动 变速箱顿挫异响,"A24,B33,B19,",2021-02-04,信息审核
130,570269,奇瑞新能源,小蚂蚁,2021款 15万蚁粉款 蚁潮版,奇瑞小蚂蚁高压绝缘故障动力电池断电,"H343,",2021-02-04,厂家受理
131,570268,吉利汽车,缤越,2019款 260T DCT 骑士 国V,吉利缤越厂家未履行车机系统更新承诺,"L314,",2021-02-04,厂家受理
132,570265,一汽丰田,RAV4荣放,2020款 2.0L CVT 两驱 风尚PLUS版,一汽丰田RAV4荣放颠簸路面前车窗玻璃异响,"H72,",2021-02-04,信息审核
133,570263,上汽通用五菱,五菱宏光,2019款 1.5L S 基本型 L2B,上汽通用五菱宏光经销商出售库存车,"M283,",2021-02-04,厂家受理
134,570261,长安汽车,长安CS55,2017款 1.5T 手动 炫动型,长安CS55一挡起步时车身抖动严重,"C87,",2021-02-04,用户评分
135,570259,东风日产,逍客,2016款 2.0L CVT 精英版,东风日产逍客低速行驶变速箱顿挫,"B19,",2021-02-04,处理反馈
136,570257,东风雪铁龙,天逸 C5 AIRCROSS新能源,2020款 1.6T 四驱 插混尊享型,雪铁龙天逸C5 AIRCROSS新能源中控屏缝隙大,"H209,",2021-02-04,信息审核
137,570256,北汽新能源,EV系列,2014款 E150 EV 科技版,北汽新能源EV动力丢失  厂家拒绝保修,"A341,I297,",2021-02-04,厂家受理
138,570254,一汽-大众,探岳,2020款 330TSI 两驱 豪华智联版,一汽大众探岳1000-1200转时发动机抖动,"A24,",2021-02-04,用户评分
139,570249,东风英菲尼迪,英菲尼迪Q50L,2018款 2.0T 进享版 国VI,英菲尼迪Q50L刹车片异常磨损频繁更换,"E43,E47,",2021-02-04,信息审核
140,570247,东风本田,本田XR-V,2015款 1.5L LXi CVT经典版,东风本田XR-V早上启动时发动机舱有异响,"A9,",2021-02-04,用户评分
141,570246,上汽大众,途观L,2020款 330TSI 自动 两驱 智动豪华版 国VI,大众途观L发动机启停系统故障 刹车失灵异响,"E43,E29,H263,",2021-02-04,厂家受理
142,570245,奇瑞汽车,瑞虎8 PLUS,2021款 290TGDI DCT 豪享版,奇瑞瑞虎8 PLUS车机系统无法读取U盘,"H155,",2021-02-04,处理反馈
143,570244,一汽马自达,马自达8,2015款 2.5L 至尊版,一汽马自达8排气管异响及起动机卡滞,"A44,H31,",2021-02-04,信息审核
144,570242,一汽-大众,迈腾,2017款 280TSI DSG 舒适型,一汽大众迈腾处于紧急运行模式无法挂倒挡,"B20,",2021-02-04,用户评分
145,570236,东风日产,骐达TIIDA,2019款 1.6L CVT 智尊版 国Ⅵ,东风日产骐达悬架生锈厂家没有回复,"H79,I294,",2021-02-04,厂家受理
146,570235,北京现代,索纳塔,2020款 270TGDi GL DCT 领先版,北京现代索纳塔转向异响希望厂家处理,"D59,",2021-02-04,信息审核
147,570234,东风日产,逍客,2017款 2.0L CVT 精英版 国Ⅵ,东风日产逍客转向异响换件未解决问题,"D59,H134,J298,N318,",2021-02-04,处理反馈
148,570229,广汽本田,飞度,2016款 1.5L LX CVT 舒适型,广汽本田飞度发动机启动异响 故障报警,"A9,A34,",2021-02-04,处理反馈
149,570228,北京现代,胜达,2020款 380 TGDi GLS 自动 两驱 豪华版,北京现代胜达雨刮胶条脱落 置换补贴未到账,"H60,L313,",2021-02-04,信息审核
150,570221,奇瑞汽车,艾瑞泽5,2017款 1.5L CVT 豪华版,奇瑞艾瑞泽5车身不同程度生锈腐烂异响,"G52,H79,",2021-02-04,处理反馈
151,570217,一汽奔腾,奔腾X40,2017款 1.6L 自动 尊享型,一汽奔腾X40发动机4缸失火车身抖动,"A24,",2021-02-04,处理反馈
152,570216,一汽-大众,探岳,2019款 征途版 280TSI 两驱 豪华型 国Ⅵ,一汽大众探岳车灯不亮 影响行车安全,"H82,",2021-02-04,厂家受理
153,570215,一汽-大众捷达,捷达VA3,2019款 1.5L 手动 进取版,捷达VA3发动机故障灯亮 制动系统故障灯亮,"A34,E62,",2021-02-04,信息审核
154,570214,奇瑞新能源,小蚂蚁,2021款 15万蚁粉款 蚁潮版,奇瑞小蚂蚁远程启动和续航里程与宣传不符,"H155,H344,M279,",2021-02-04,信息审核
155,570213,上汽集团,名爵3,2011款 1.3 手动 舒适版,上汽名爵3正式链条更换 要求报销费用,"A45,L314,",2021-02-04,处理反馈
156,570212,一汽丰田,亚洲龙,2019款 双擎 2.5L XLE 尊贵版 国Ⅵ,丰田亚洲龙发动机机油增多希望厂家处理,"A339,",2021-02-04,信息审核
157,570211,东风汽车,东风小霸王,轻型仓栅式货车,东风小霸王刹车时失灵 ABS故障灯亮,"E29,E74,",2021-02-04,信息审核
158,570210,北京现代,途胜,2015款 1.6T   双离合 两驱 智能型,北京现代途胜发动机故障灯亮 提速无力,"A34,A160,",2021-02-04,信息审核
159,570201,一汽-大众奥迪,奥迪Q5,2017款 2.0T 40 TFSI 技术型,一汽大众奥迪Q5水泵和节温器漏防冻液,"A37,",2021-02-04,信息审核
160,570200,猎豹汽车,猎豹CS10,2017款 2.0T 自动 豪华型,猎豹CS10变速箱异响 转向异响 胎压监测故障,"B33,D59,H203,",2021-02-04,信息审核
161,570199,一汽-大众奥迪,奥迪Q3,2018款 30 TFSI 时尚型 30周年年型,一汽大众奥迪Q3车辆起步时发动机异响,"A9,",2021-02-04,信息审核
162,570197,江铃福特,领界,2019款 EcoBoost 145 CVT 铂领型 国VI,江铃福特领界尾门开裂要求给予解决,"H168,H68,",2021-02-03,处理反馈
163,570196,一汽吉林,森雅R7,2016款 1.6L 手动 豪华型,一汽吉林森雅R7发动机故障报警经销商无配件,"A24,A34,N318,",2021-02-03,信息审核
164,570195,奇瑞汽车,捷途X70 PLUS,2021款 1.6T DCT 地 7座,捷途X70 PLUS车灯照射距离近 不聚光,"H82,",2021-02-03,处理反馈
165,570194,上汽通用五菱,新宝骏RC-5,2020款 1.5T CVT 智耀尊享型,新宝骏RC-5车机绿屏 360全景成像偏差,"H134,H155,H67,",2021-02-03,厂家受理
166,570193,一汽丰田,卡罗拉,2021款 1.2T S-CVT 先锋版,一汽丰田卡罗拉低速变速箱顿挫异响,"B33,B19,",2021-02-03,信息审核
167,570192,吉利汽车,帝豪GL,2019款 1.4T CVT 精英智享版,吉利帝豪GL车辆行驶时A柱出现异响,"H15,",2021-02-03,厂家受理
168,570189,广汽丰田,凯美瑞,2016款 2.5HG CVT 十周年纪念豪华导航版 双擎,广汽丰田凯美瑞真皮方向盘破损脱落,"H168,",2021-02-03,信息审核
169,570188,北京奔驰,奔驰GLC,2020款 GLC 300 L 4MATIC 豪华型,北京奔驰GLC减震器过硬影响舒适性,"G171,",2021-02-03,信息审核
170,570183,一汽-大众,探岳,2020款 330TSI 两驱 豪华智联版,一汽大众探岳自动启停失效 油耗增加,"A85,H263,",2021-02-03,处理反馈
171,570182,一汽-大众奥迪,奥迪A4L,2020款 45 TFSI quattro 臻选致雅型,一汽大众奥迪A4L安装中网导致车辆受损,"I295,J303,",2021-02-03,信息审核
172,570168,东风本田,本田CR-V,2018款 1.5T CVT 两驱 舒适版,东风本田CR-V变速箱损坏行驶中动力消失,"B334,",2021-02-03,处理反馈
173,570167,华晨中华,中华V7,2018款 280T 手动 豪华型 5座,华晨中华V7发动机故障灯亮发动机无法启动,"A34,A44,B19,H119,",2021-02-03,信息审核
174,570158,东风标致,标致307,2009款 两厢 1.6L 手动 爱乐版,东风标致307召回后油箱有严重汽油味,"H75,",2021-02-03,处理反馈
175,570155,上汽大众斯柯达,柯米克,2020款 1.5L 自动 舒适版,斯柯达柯米克前挡风玻璃开裂4S店不索赔,"H113,I297,",2021-02-03,处理反馈
176,570154,江淮汽车,瑞风S3,2016款 1.5L 手动 豪华智能型,江淮瑞风S3定速巡航失效 发动机故障灯亮,"A34,H253,",2021-02-03,用户评分
177,570152,东风日产,蓝鸟,2016款 1.6L CVT 高能版,东风日产蓝鸟油箱容积与厂家宣传不符,"M279,",2021-02-03,用户评分
178,570142,北京现代,领动,2016款 1.4T  双离合 炫动·活力型,北京现代领动中网与门把手氧化生锈严重,"H79,",2021-02-03,信息审核
179,570140,比亚迪,比亚迪S6,2013款 劲悦版 2.0L 手动 精英型 5座,比亚迪S6车身漆面起泡开裂希望处理,"H81,",2021-02-03,处理反馈
180,570138,一汽丰田,卡罗拉,2019款 1.2T S-CVT GL-i精英版,一汽丰田卡罗拉预碰撞系统故障倒车异响,"G56,H170,",2021-02-03,信息审核
181,570137,福田汽车,祥菱M,2018款 1.5L M2非承载 单排 后双胎(厢式)DAM15L,福田祥菱M轮毂螺丝杆断裂底盘异响,"G56,G200,",2021-02-03,信息审核
182,570135,东风日产,天籁,2020款 改款 2.0L XL 舒适版,东风日产天籁油箱异响希望厂家处理,"H147,",2021-02-03,处理反馈
183,570133,广汽本田,冠道,2020款 370TURBO 四驱 尊享版,广汽本田冠道首保后出现发动机漏油,"A12,",2021-02-03,用户评分
184,570131,一汽丰田,RAV4荣放,2020款 2.0L CVT 两驱 都市版,一汽丰田RAV4荣放右侧A柱仪表台附近异响,"H93,",2021-02-03,信息审核
185,570130,一汽-大众,速腾,2021款 280TSI DSG 豪华智联版,一汽大众速腾后车门关闭时有异响,"H72,",2021-02-03,处理反馈
186,570129,华晨宝马,宝马5系,2020款 530Li 领先型 M运动套装,华晨宝马5系合格证二维码无法扫描,"M284,",2021-02-03,信息审核
187,570128,广汽本田,凌派,2019款 180Turbo CVT 舒适版 国VI,广汽本田凌派发动机故障灯亮多次维修未解决,"A34,J298,",2021-02-03,用户评分
188,570127,一汽-大众,探岳,2020款 330TSI 两驱 豪华智联版,一汽大众探岳大灯进水希望尽快处理,"H88,",2021-02-03,处理反馈
189,570125,东风本田,哥瑞,2016款 1.5L CVT 风尚版,东风本田哥瑞发动机冷启动异响希望处理,"A9,",2021-02-03,厂家受理
190,570123,长安福特,金牛座,2019款 EcoBoost 245 尊享版,长安福特金牛座打死方向车轮异响,"G125,",2021-02-03,处理反馈
191,570121,奇瑞汽车,瑞虎8,2019款 1.5TCI 手动 精英型,奇瑞瑞虎8车灯盲区过大 倒车灯亮度不足,"H82,Q322,",2021-02-03,厂家受理
192,570119,东风雪铁龙,雪铁龙C4L,2013款 1.6THP 自动 劲智版,东风雪铁龙C4L高压油泵故障希望处理,"H78,",2021-02-03,处理反馈
193,570118,上汽集团,名爵5,2021款 180DVVT CVT 青春豪华版,上汽名爵5官方淘宝直播活动不兑现,"L313,",2021-02-03,处理反馈
194,570117,广汽本田,缤智,2020款 1.5L CVT 豪华版,广汽本田缤智左侧车门内侧有掉漆的现象,"H81,",2021-02-03,处理反馈
195,570116,一汽吉林,森雅R9,2018款 1.2T 自动 尊贵智悦型,一汽森雅R9发动机防盗锁锁死 4S店无法打开,"H23,",2021-02-03,信息审核
196,570111,一汽-大众,探岳,2019款 330TSI 四驱 豪华型 国Ⅵ,一汽大众探岳行驶时拖挡导致共振,"B69,B208,",2021-02-03,处理反馈
197,570109,东风日产,逍客,2017款 2.0L CVT 智享版 国V,东风日产逍客普利司通轮胎老化有裂纹,"F100,",2021-02-03,处理反馈
198,570108,一汽-大众奥迪,奥迪A6L,2018款 35 TFSI 双离合 运动型,一汽大众奥迪A6L两后倍耐力轮胎磨损,"F10,",2021-02-03,处理反馈
199,570107,广汽丰田,凯美瑞,2016款 2.0G 自动 十周年纪念领先版,广汽丰田凯美瑞前半轴防尘套漏油,"G161,",2021-02-03,信息审核
200,570099,星途,星途TX,2019款 TX 1.6T 四驱 铂金版,星途TX电池亏电严重导致空调无法启动,"H79,H146,",2021-02-03,信息审核
201,570095,江西五十铃,铃拓,2020款 2.5T 两驱 手动 领航版 国VI JE4D25Q6A,江西五十铃铃拓变速箱抖动希望厂家处理,"B95,",2021-02-03,信息审核
202,570094,一汽-大众,高尔夫,2017款 230TSI 自动 豪华百万辆纪念版,一汽大众高尔夫4S店 更换配件以旧充新,"N316,",2021-02-03,处理反馈
203,570093,吉利汽车,缤越,2019款 260T DCT 游侠 国VI 运动款,吉利缤越发动机故障灯亮 服务态度蛮横,"A34,I293,",2021-02-03,处理反馈
204,570092,江淮汽车,瑞风S2,2015款 1.5L CVT 豪华型,江淮瑞风S2行驶中TCU故障防侧滑报警,"B96,H170,",2021-02-03,处理反馈
205,570091,上汽通用五菱,五菱宏光,2019款 1.5L S 基本型 L2B,上汽通用五菱宏光遥控器失灵 电瓶亏电,"H146,H110,H119,",2021-02-03,用户评分
206,570087,一汽丰田,威驰,2019款 1.5L CVT 创行版,一汽丰田威驰发动机冷却液渗漏希望厂家处理,"A37,",2021-02-03,信息审核
207,570086,广汽本田,凌派,2013款 1.8L 自动 舒适版,广汽本田凌派4S店收取高额报价费,"K307,",2021-02-03,处理反馈
208,570082,东风日产,天籁,2020款 2.0L XL 舒适版,东风日产天籁油箱行驶时异响希望更换,"H147,",2021-02-03,处理反馈
209,570078,北京奔驰,奔驰GLB,2020款 GLB 200 时尚型,奔驰GLB发动机故障灯亮 天窗开关异常,"A34,H155,",2021-02-03,厂家受理
210,570074,DS汽车,DS6,2016款 1.6T 豪华版THP160,DS6天窗无法完全关闭希望尽快处理,"H192,",2021-02-03,信息审核
211,570072,广汽本田,雅阁,2018款 260TURBO 精英版 国VI,广汽本田雅阁高速行驶时修正方向卡顿,"D59,D123,",2021-02-03,处理反馈
212,570069,东风本田,本田UR-V,2017款 370TURBO 四驱 尊耀版 国V,东风本田UR-V进气格栅开裂厂家不予索赔,"H168,I297,",2021-02-03,处理反馈
213,570068,庆铃汽车,巨咖,巨咖,庆铃巨咖原车未配备汽笛希望处理,"Q322,",2021-02-03,信息审核
214,570066,奇瑞汽车,捷途X70,2020款 1.5T DCT 智行版 5座,捷途X70减震器异响 转向异响 颠簸抖动,"D59,G52,G162,",2021-02-03,处理反馈
215,570059,东风本田,本田CR-V,2017款 240TURBO 自动 两驱 舒适版,东风本田CR-V后轮胎吃胎异常磨损严重,"G245,",2021-02-03,用户评分
216,570058,宝马（进口）,宝马X7,2021款 xDrive40i 尊享型M运动套装,进口宝马X7座椅出现白色斑痕影响美观,"H169,",2021-02-03,信息审核
217,570056,一汽-大众,探影,2020款 1.5L 自动 悦,一汽大众探影后视镜无法电动调节,"H110,H211,",2021-02-03,处理反馈
218,570055,北京现代,途胜,2015款 1.6T   双离合 两驱 智能型,北京现代途胜行驶时排气管异响 不予索赔,"H31,I297,",2021-02-03,处理反馈
219,570051,特斯拉中国,Model Y,2021款 长续航 全轮驱动版,特斯拉Model Y热泵压缩机损坏空调不制热,"H101,",2021-02-03,信息审核
220,570050,上汽大众,途铠,2019款 1.5L 自动 舒适版,上汽大众途铠合同订购车型与实际车型不符,"I293,M280,",2021-02-03,处理反馈
221,570049,东风日产,轩逸,2019款 1.6XV CVT 智联尊享版 国VI,东风日产轩逸加满油汽油箱异响 转向异响,"D59,H147,",2021-02-03,处理反馈
222,570047,一汽奔腾,奔腾B50,2016款 1.6L 自动 舒适型,一汽奔腾B50车身后轮上方生锈腐烂,"H79,",2021-02-03,处理反馈
223,570045,一汽-大众,探岳,2020款 330TSI 两驱 豪华智联版,一汽大众探岳冬季颗粒捕捉器堵塞油耗增加,"A85,A114,",2021-02-03,处理反馈
224,570043,特斯拉中国,Model Y,2021款 长续航 全轮驱动版,特斯拉Model Y空调压缩机故障 与宣传不符,"H101,I295,M279,",2021-02-03,信息审核
225,570042,东风悦达起亚,智跑,2018款 2.0L 自动 智享豪华版,东风悦达起亚智跑贷款还清后未提供车钥匙,"O354,",2021-02-03,处理反馈
226,570040,一汽红旗,红旗HS5,2019款 2.0T 智联旗享四驱版,红旗HS5启动后提示废气监控系统故障,"A114,",2021-02-03,信息审核
227,570038,一汽-大众,探岳,2020款 330TSI 两驱 豪华智联版,一汽大众探岳大灯透镜发白影响照明 油耗高,"A85,H82,",2021-02-03,处理反馈
228,570037,广汽丰田,雷凌,2021款 185T CVT 运动版,广汽丰田雷凌动力消失希望尽快处理,"A255,",2021-02-03,信息审核
229,570036,东风小康,东风小康C32,2018款 1.2L 改款 基本型 国V DK12,东风小康C32行驶不到一年出现大梁断裂,"G261,",2021-02-03,处理反馈
230,570034,一汽-大众奥迪,奥迪A3,2019款 Sportback 35 TFSI 进取型 国VI,一汽大众奥迪A3发动机烧机油机油消耗异常,"A63,",2021-02-03,信息审核
231,570032,上汽大众,途观L,2020款 330TSI 自动 两驱 全景舒适版 国VI,上汽大众途观L低速车身共振 方向跑偏,"G117,H268,H144,",2021-02-03,用户评分
232,570028,长安福特,翼虎,2018款 EcoBoost 180 两驱 铂翼型,长安福特翼虎车内异味希望尽快处理,"H185,",2021-02-03,处理反馈
233,570027,东风日产,天籁,2021款 2.0L XL 舒适版,东风日产天籁右转弯时踩油门加速有异响,"G56,",2021-02-03,处理反馈
234,570026,一汽-大众奥迪,奥迪A3,2016款 Limousine 1.4T 双离合 领英型,一汽大众奥迪A3变速箱机电单元故障,"B115,",2021-02-03,信息审核
235,570025,一汽-大众奥迪,奥迪A4L,2016款 1.8T 自动 舒适型,一汽大众奥迪A4L行驶时发动机舱发生自燃,"H40,",2021-02-03,信息审核
236,570023,DS汽车,DS 4S,2016款 1.2T 进取版THP130,长安标致雪铁龙DS 4S正时皮带掉,"A191,A336,",2021-02-03,信息审核
237,570022,东风标致,标致408,2014款 1.8L 自动 领先版,东风标致408发动机报故障码P0172,"A34,",2021-02-03,处理反馈
238,570020,一汽-大众,宝来,2018款 1.5L 手动 舒适型,一汽大众宝来锦湖轮胎开裂要求解决,"F100,",2021-02-03,处理反馈
239,570019,长安福特,翼虎,2013款 1.6T  四驱精英型,福特翼虎加油时汽油箱异响存在质量问题,"H147,",2021-02-03,处理反馈
240,570016,奇瑞汽车,艾瑞泽5,2016款 1.5L 手动 领跑版,奇瑞艾瑞泽5车身底盘车门转向柱多处生锈,"H79,",2021-02-03,厂家受理
241,570013,北京现代,菲斯塔,2021款 280TGDi 精英版,北京现代菲斯塔新车中控屏开裂厂家拒赔,"H168,",2021-02-03,处理反馈
242,570012,江淮汽车,嘉悦X7,2020款 1.5TGDI 自动 自由+,江淮嘉悦X7厂家质保期内拒绝维修发动机,"A34,I297,",2021-02-03,用户评分
243,570011,吉利汽车,缤越,2020款 PRO 260T DCT Battle,吉利缤越4S店销售承诺未兑现提不到车,"L313,L312,L311,",2021-02-03,用户评分
244,570005,一汽-大众奥迪,奥迪Q5L,2020款 45 TFSI 尊享时尚型,奥迪Q5L新车车内异响影响正常驾驶,"H164,",2021-02-03,信息审核
245,570004,奇瑞汽车,艾瑞泽5,2017款 1.5L CVT 领潮版,奇瑞艾瑞泽5前减震器异响反复维修未解决,"G52,J298,",2021-02-03,厂家受理
246,570002,一汽丰田,皇冠,2015款 2.0T 时尚版,一汽丰田丰田皇冠发动机喷油嘴损坏,"A53,",2021-02-03,信息审核
247,569999,长安福特,蒙迪欧,2013款 1.5T 自动 GTDi180时尚型,长安福特蒙迪欧三元催化器故障导致报警,"H54,",2021-02-03,处理反馈
248,569996,东风乘用车,风神A60,2016款 1.6L 自动 豪华型,东风风神A60发动机电脑一直无配件,"N318,",2021-02-03,厂家受理
249,569995,奇瑞汽车,瑞虎8,2020款 290TGDI 自动 豪华版,奇瑞瑞虎8车身不平整缝隙大制作工艺差,"H209,",2021-02-03,用户评分
250,569987,长安福特,翼虎,2015款 1.5L GTDi 四驱精英型 5座,长安福特翼虎碳罐堵塞导致油箱有异响,"H271,",2021-02-03,处理反馈
251,569983,广汽本田,缤智,2015款 1.5L CVT 两驱舒适型,广汽本田缤智天冷发动机启动时VTC异响,"A9,",2021-02-03,处理反馈
252,569982,东风标致,标致308S,2015款 1.2T 自动 劲驰版,东风标致308S更换正时皮带后烧机油,"A63,",2021-02-03,处理反馈
253,569979,一汽-大众,迈腾,2019款 330TSI DSG 领先型 国V,一汽大众迈腾变速箱故障无法挂入倒挡,"B20,",2021-02-03,处理反馈
254,569976,众泰汽车,云100,2014款 云100 舒适型,众泰云100车辆质保期内发生自燃,"H40,",2021-02-03,信息审核
255,569973,东风标致,标致408,2015款 1.2T 自动 豪华版,东风标致408更换正时皮带后发动机烧机油,"A63,J300,",2021-02-03,处理反馈
256,569968,广汽丰田,汉兰达,2015款 2.0T 四驱 豪华版 7座,广汽丰田汉兰达经销商保养后发动机拉缸,"A9,A329,",2021-02-03,信息审核
257,569967,吉利汽车,帝豪GL,2020款 1.4T CVT 豪华型,吉利帝豪GL后备箱无法关闭要求解决,"H68,",2021-02-03,处理反馈
258,569966,奇瑞汽车,奇瑞E3,2013款 1.5L 智尚型,奇瑞E3车门生锈严重存在质量问题,"H79,",2021-02-03,厂家受理
259,569965,捷豹,捷豹XJ,2016款 XJL 2.0T 两驱 典雅商务版,捷豹XJ桃木内饰板开裂希望给予解决,"H168,",2021-02-03,处理反馈
260,569964,东南汽车,东南DX3,2016款 1.5L 手动 豪华型,东南DX3转向异响卡滞行驶方向跑偏,"D59,D123,G117,",2021-02-03,处理反馈
261,569959,一汽-大众,探岳,2019款 330TSI 两驱 豪华型 国Ⅵ,一汽大众探岳车灯发白不亮 影响夜间使用,"H82,",2021-02-03,处理反馈
262,569958,广汽丰田,YARiS L 致炫,2020款 1.5L CVT 领先版,广汽丰田致炫中控异响多次维修未解决,"H93,J300,",2021-02-03,信息审核
263,569956,东风日产,轩逸,2021款 1.6L XL CVT 悦享版,东风日产轩逸新更换的优科豪马轮胎爆胎,"F130,",2021-02-03,处理反馈
264,569955,广汽丰田,汉兰达,2015款 2.0T 四驱 豪华版 7座,广汽丰田汉兰达发动机缸体损伤要求解决,"A136,",2021-02-03,信息审核
265,569951,一汽-大众,T-ROC探歌,2020款 280TSI DSG 两驱 舒适型,一汽大众T-ROC探歌电瓶亏电 变速箱漏油,"B22,H146,",2021-02-03,处理反馈
266,569948,东风日产,天籁,2019款 2.0L XL Upper 智行版,东风日产天籁智连APP无法使用希望厂家处理,"H155,",2021-02-03,处理反馈
267,569946,东风乘用车,风神A60,2016款 1.6L 自动 豪华型,东风风神A60变速箱无法换挡 空调有异响,"B20,H101,",2021-02-03,厂家受理
268,569945,特斯拉中国,Model 3,2020款 标准续航 后驱 升级版,特斯拉Model 3动力电池无法充满电,"H340,",2021-02-03,信息审核
269,569942,一汽丰田,卡罗拉,2021款 1.2T S-CVT 先锋版,一汽丰田卡罗拉发动机异响希望厂家处理,"A9,",2021-02-03,信息审核
270,569940,奇瑞汽车,瑞虎5,2014款 2.0L 手动 家悦版,奇瑞瑞虎5空调控制面板无法控制 影响使用,"H101,",2021-02-03,厂家受理
271,569939,东风日产,奇骏,2020款 2.0L XL ITS CVT 2WD 智联舒适版,东风日产奇骏电瓶亏电经常无法启动,"H146,",2021-02-03,处理反馈
272,569933,长安福特,翼虎,2017款 EcoBoost 180 两驱 豪翼型,长安福特翼虎防冻液渗漏希望厂家处理,"A37,A191,",2021-02-03,处理反馈
273,569932,一汽-大众,迈腾,2017款 330TSI DSG 豪华型,一汽大众迈腾变速箱顿挫 方向机异响,"A12,B19,D59,H101,H67,H110,",2021-02-03,处理反馈
274,569931,东风日产,天籁,2021款 2.0L XL 舒适版,东风日产天籁加满油后刹车时油箱异响,"H147,",2021-02-03,处理反馈
275,569928,一汽-大众,迈腾,2020款 330TSI DSG 豪华型,一汽大众迈腾正常行驶时发动机无故熄火,"A14,",2021-02-03,处理反馈
276,569926,路虎进口,发现,2020款 3.0 SC V6 SE,进口路虎发现行驶熄火 电路系统瘫痪,"A14,H110,",2021-02-03,处理反馈
277,569924,上汽大众,朗逸,2018款 1.5L 自动 舒适版 国V,上汽大众朗逸玛吉斯轮胎开裂 电瓶亏电,"E43,F100,H146,",2021-02-03,处理反馈
278,569923,东风本田,INSPIRE,2019款 锐·混动 2.0L 净尚版 国V,东风本田INSPIRE发动机气门室盖漏油,"A12,",2021-02-03,处理反馈
279,569920,吉利汽车,远景X6,2020款 1.4T CVT 尊贵型,吉利远景X6手机远程启动功能与宣传不符,"M279,",2021-02-03,处理反馈
280,569917,华晨宝马,宝马3系,2021款 325Li M运动套装,华晨宝马3系新车被4S店工作人员剐蹭受损,"J299,",2021-02-03,信息审核
281,569916,东风日产,轩逸,2012款 1.6L XE 自动 舒适版 经典,东风日产轩逸发动机和变速箱异响严重,"A9,B33,",2021-02-03,处理反馈
282,569915,长安福特,蒙迪欧,2013款 1.5T 自动 GTDi180时尚型,长安福特蒙迪欧节气门进机油希望厂家处理,"A12,",2021-02-03,处理反馈
283,569914,吉利汽车,帝豪GS,2020款 1.4T CVT 雅,吉利帝豪GS经销商出售问题车底盘有生锈,"H79,",2021-02-03,处理反馈
284,569912,一汽-大众,探岳,2020款 330TSI 两驱 豪华智联版,一汽大众探岳发动机自动启停失效 油耗翻倍,"A85,H155,H263,",2021-02-03,处理反馈
285,569909,一汽-大众,速腾,2018款 280TSI DSG熠动版,一汽大众速腾排气管消音器漏气漏水,"H31,I295,",2021-02-03,用户评分
286,569908,东风标致,标致408,2015款 1.2T 自动 豪华版,东风标致408发动机大修后噪音大 减震器异响,"A38,G52,",2021-02-03,用户评分
287,569907,BEIJING汽车,BEIJING-EX3,2019款 R600 劲尚版,北汽新能源EX3冬季充不满电 导航错误,"H146,H21,",2021-02-03,处理反馈
288,569902,吉利汽车,帝豪GS,2020款 1.4T CVT 雅,吉利帝豪GS方向沉重行驶跑偏轮胎吃胎,"D156,G245,G117,",2021-02-03,处理反馈
289,569897,一汽-大众奥迪,奥迪A6L,2020款 40 TFSI 豪华动感型,一汽大众奥迪A6L行驶自动加速存在隐患,"H170,",2021-02-03,信息审核
290,569895,长安汽车,长安UNI-T,2020款 1.5T 旗舰型,长安UN-T车载麦克风失灵 车机系统无记忆,"H134,H155,",2021-02-03,处理反馈
291,569891,华晨宝马,宝马5系,2014款 525Li 豪华设计套装,宝马5系油底壳高温时有漏油现象 希望解决,"A12,",2021-02-03,信息审核
292,569888,长安福特,蒙迪欧,2013款 2.0T 自动 GTDi200时尚型,福特蒙迪欧碳罐和电子阀故障导致汽油箱异响,"H147,H271,Q322,",2021-02-03,处理反馈
293,569887,一汽丰田,卡罗拉,2021款 1.2T S-CVT 精英版,丰田卡罗拉行驶时变速箱异响刹车异响,"B33,E43,",2021-02-03,信息审核
294,569886,吉利汽车,吉利ICON,2020款 1.5TD i9 BSG,吉利ICON副驾驶门把手开裂掉皮 方向盘跑偏,"A9,D154,H134,H155,H168,H164,H89,H151,",2021-02-03,处理反馈
295,569883,领克,领克03,2019款 1.5TD DCT 劲Pro版 国VI,领克03怠速抖动 刹车抖动行驶时车内抖动,"A24,A35,E111,H268,",2021-02-03,处理反馈
296,569880,广汽丰田,雷凌,2021款 185T CVT 豪华版,广汽丰田雷凌4S店销售赠送加油卡与宣传不符,"L313,M279,",2021-02-02,信息审核
297,569878,江淮汽车,瑞风Ⅱ,2012款 2.0L 自动 公务版 汽油,江淮瑞风Ⅱ车门机盖车身裙边生锈严重,"H79,",2021-02-02,处理反馈
298,569876,奇瑞汽车,瑞麒G6,2009款 G6 2.0TCI 自动旗舰型,瑞麒G6电子手刹失灵 前三角臂厂家无配件,"E159,N318,",2021-02-02,厂家受理
299,569875,奇瑞汽车,艾瑞泽5,2016款 1.5L 手动 领锐版,奇瑞艾瑞泽5轴距不一致行驶跑偏轮胎偏磨,"G245,G117,G225,",2021-02-02,厂家受理
